Model,Mean Time (s),Median Time (s),Standard Deviation (s)
Quantum,0.04183721542358394,0.03889858722686765,0.007244805574903561
Classical,0.11296000480651854,0.0997940301895141,0.041445730257108515
