Model,Mean Time (s),Median Time (s),Standard Deviation (s)
Quantum,9.594202566146851,9.50362253189087,0.2904950418722008
Classical,16.931062293052673,16.697511553764343,1.3659145356395714
