Model,Mean Loss,Median Loss,Standard Deviation
Quantum,0.7835775911808014,0.7725334465503693,0.06371221245798639
Classical,0.6544750392436981,0.641115814447403,0.06881943664663204
