#,Quantum,Classical
1,0.03250694274902344,0.2294149398803711
2,0.038088083267211914,0.09953117370605469
3,0.04775714874267578,0.09879207611083984
4,0.045905113220214844,0.09285688400268555
5,0.034097909927368164,0.09048891067504883
6,0.03767514228820801,0.10005688667297363
7,0.037925004959106445,0.10501289367675781
8,0.053198814392089844,0.1076192855834961
9,0.05150890350341797,0.11151003837585449
10,0.03970909118652344,0.09431695938110352
