Model,Mean Accuracy,Median Accuracy,Standard Deviation
Quantum,0.8279999852180481,0.8319999873638153,0.012428565283585737
Classical,0.7455333292484283,0.746999979019165,0.021046814119886376
